{
  "hash": "0fb7d668",
  "configHash": "201e5bbf",
  "lockfileHash": "9028f403",
  "browserHash": "847baf59",
  "optimized": {
    "@angular/cdk/bidi": {
      "src": "../../../../../../node_modules/@angular/cdk/fesm2022/bidi.mjs",
      "file": "@angular_cdk_bidi.js",
      "fileHash": "fec9a27f",
      "needsInterop": false
    },
    "@angular/cdk/scrolling": {
      "src": "../../../../../../node_modules/@angular/cdk/fesm2022/scrolling.mjs",
      "file": "@angular_cdk_scrolling.js",
      "fileHash": "4b2d57c0",
      "needsInterop": false
    },
    "@angular/cdk/text-field": {
      "src": "../../../../../../node_modules/@angular/cdk/fesm2022/text-field.mjs",
      "file": "@angular_cdk_text-field.js",
      "fileHash": "c44012b2",
      "needsInterop": false
    },
    "@angular/common": {
      "src": "../../../../../../node_modules/@angular/common/fesm2022/common.mjs",
      "file": "@angular_common.js",
      "fileHash": "84c3cdc9",
      "needsInterop": false
    },
    "@angular/core": {
      "src": "../../../../../../node_modules/@angular/core/fesm2022/core.mjs",
      "file": "@angular_core.js",
      "fileHash": "1bdc2577",
      "needsInterop": false
    },
    "@angular/forms": {
      "src": "../../../../../../node_modules/@angular/forms/fesm2022/forms.mjs",
      "file": "@angular_forms.js",
      "fileHash": "3cdfa409",
      "needsInterop": false
    },
    "@angular/material/button": {
      "src": "../../../../../../node_modules/@angular/material/fesm2022/button.mjs",
      "file": "@angular_material_button.js",
      "fileHash": "2ab1edaf",
      "needsInterop": false
    },
    "@angular/material/card": {
      "src": "../../../../../../node_modules/@angular/material/fesm2022/card.mjs",
      "file": "@angular_material_card.js",
      "fileHash": "8116afea",
      "needsInterop": false
    },
    "@angular/material/form-field": {
      "src": "../../../../../../node_modules/@angular/material/fesm2022/form-field.mjs",
      "file": "@angular_material_form-field.js",
      "fileHash": "8da61226",
      "needsInterop": false
    },
    "@angular/material/icon": {
      "src": "../../../../../../node_modules/@angular/material/fesm2022/icon.mjs",
      "file": "@angular_material_icon.js",
      "fileHash": "5f63d8b6",
      "needsInterop": false
    },
    "@angular/material/input": {
      "src": "../../../../../../node_modules/@angular/material/fesm2022/input.mjs",
      "file": "@angular_material_input.js",
      "fileHash": "c700851e",
      "needsInterop": false
    },
    "@angular/material/radio": {
      "src": "../../../../../../node_modules/@angular/material/fesm2022/radio.mjs",
      "file": "@angular_material_radio.js",
      "fileHash": "a6445c3c",
      "needsInterop": false
    },
    "@angular/material/select": {
      "src": "../../../../../../node_modules/@angular/material/fesm2022/select.mjs",
      "file": "@angular_material_select.js",
      "fileHash": "7b9477d5",
      "needsInterop": false
    },
    "@angular/material/toolbar": {
      "src": "../../../../../../node_modules/@angular/material/fesm2022/toolbar.mjs",
      "file": "@angular_material_toolbar.js",
      "fileHash": "545fb87f",
      "needsInterop": false
    },
    "@angular/platform-browser": {
      "src": "../../../../../../node_modules/@angular/platform-browser/fesm2022/platform-browser.mjs",
      "file": "@angular_platform-browser.js",
      "fileHash": "e31286f2",
      "needsInterop": false
    },
    "@angular/router": {
      "src": "../../../../../../node_modules/@angular/router/fesm2022/router.mjs",
      "file": "@angular_router.js",
      "fileHash": "000717b0",
      "needsInterop": false
    },
    "ol/Map": {
      "src": "../../../../../../node_modules/ol/Map.js",
      "file": "ol_Map.js",
      "fileHash": "f82021b1",
      "needsInterop": false
    },
    "ol/View": {
      "src": "../../../../../../node_modules/ol/View.js",
      "file": "ol_View.js",
      "fileHash": "abb8a932",
      "needsInterop": false
    },
    "ol/layer/Tile": {
      "src": "../../../../../../node_modules/ol/layer/Tile.js",
      "file": "ol_layer_Tile.js",
      "fileHash": "e95c38cb",
      "needsInterop": false
    },
    "ol/proj": {
      "src": "../../../../../../node_modules/ol/proj.js",
      "file": "ol_proj.js",
      "fileHash": "dd2446d4",
      "needsInterop": false
    },
    "ol/source/OSM": {
      "src": "../../../../../../node_modules/ol/source/OSM.js",
      "file": "ol_source_OSM.js",
      "fileHash": "42727566",
      "needsInterop": false
    },
    "sweetalert2": {
      "src": "../../../../../../node_modules/sweetalert2/dist/sweetalert2.all.js",
      "file": "sweetalert2.js",
      "fileHash": "0b93addd",
      "needsInterop": true
    }
  },
  "chunks": {
    "chunk-EHN4NZHC": {
      "file": "chunk-EHN4NZHC.js"
    },
    "chunk-UZX2RBB4": {
      "file": "chunk-UZX2RBB4.js"
    },
    "chunk-GNXPBZK2": {
      "file": "chunk-GNXPBZK2.js"
    },
    "chunk-HEQRWXXL": {
      "file": "chunk-HEQRWXXL.js"
    },
    "chunk-C44EA4AL": {
      "file": "chunk-C44EA4AL.js"
    },
    "chunk-N6L4V5TL": {
      "file": "chunk-N6L4V5TL.js"
    },
    "chunk-UKDXFZG6": {
      "file": "chunk-UKDXFZG6.js"
    },
    "chunk-PGETFBD6": {
      "file": "chunk-PGETFBD6.js"
    },
    "chunk-L4DVBCOZ": {
      "file": "chunk-L4DVBCOZ.js"
    },
    "chunk-7WCRTJXD": {
      "file": "chunk-7WCRTJXD.js"
    },
    "chunk-FDPE3AXL": {
      "file": "chunk-FDPE3AXL.js"
    },
    "chunk-V34I6TB7": {
      "file": "chunk-V34I6TB7.js"
    },
    "chunk-HFQJQLF2": {
      "file": "chunk-HFQJQLF2.js"
    },
    "chunk-OO5CP7PQ": {
      "file": "chunk-OO5CP7PQ.js"
    },
    "chunk-WQKNOP3T": {
      "file": "chunk-WQKNOP3T.js"
    },
    "chunk-IBYU652R": {
      "file": "chunk-IBYU652R.js"
    },
    "chunk-JKIE72FT": {
      "file": "chunk-JKIE72FT.js"
    },
    "chunk-2O4WY5GE": {
      "file": "chunk-2O4WY5GE.js"
    },
    "chunk-UBWUNOZT": {
      "file": "chunk-UBWUNOZT.js"
    },
    "chunk-MLHLPDGK": {
      "file": "chunk-MLHLPDGK.js"
    },
    "chunk-322BIDLX": {
      "file": "chunk-322BIDLX.js"
    },
    "chunk-KESJB3YS": {
      "file": "chunk-KESJB3YS.js"
    },
    "chunk-WKLW55ZU": {
      "file": "chunk-WKLW55ZU.js"
    },
    "chunk-6LCE5TKS": {
      "file": "chunk-6LCE5TKS.js"
    },
    "chunk-3OV72XIM": {
      "file": "chunk-3OV72XIM.js"
    }
  }
}