{
  "hash": "a45639ac",
  "configHash": "d0140cb7",
  "lockfileHash": "9028f403",
  "browserHash": "c947c766",
  "optimized": {
    "@angular/cdk/bidi": {
      "src": "../../../../../../node_modules/@angular/cdk/fesm2022/bidi.mjs",
      "file": "@angular_cdk_bidi.js",
      "fileHash": "25c31bc6",
      "needsInterop": false
    },
    "@angular/cdk/scrolling": {
      "src": "../../../../../../node_modules/@angular/cdk/fesm2022/scrolling.mjs",
      "file": "@angular_cdk_scrolling.js",
      "fileHash": "e7477195",
      "needsInterop": false
    },
    "@angular/cdk/text-field": {
      "src": "../../../../../../node_modules/@angular/cdk/fesm2022/text-field.mjs",
      "file": "@angular_cdk_text-field.js",
      "fileHash": "2b803179",
      "needsInterop": false
    },
    "@angular/common": {
      "src": "../../../../../../node_modules/@angular/common/fesm2022/common.mjs",
      "file": "@angular_common.js",
      "fileHash": "691cd513",
      "needsInterop": false
    },
    "@angular/core": {
      "src": "../../../../../../node_modules/@angular/core/fesm2022/core.mjs",
      "file": "@angular_core.js",
      "fileHash": "eab1bf28",
      "needsInterop": false
    },
    "@angular/forms": {
      "src": "../../../../../../node_modules/@angular/forms/fesm2022/forms.mjs",
      "file": "@angular_forms.js",
      "fileHash": "0147b6ed",
      "needsInterop": false
    },
    "@angular/material/button": {
      "src": "../../../../../../node_modules/@angular/material/fesm2022/button.mjs",
      "file": "@angular_material_button.js",
      "fileHash": "6184b87d",
      "needsInterop": false
    },
    "@angular/material/card": {
      "src": "../../../../../../node_modules/@angular/material/fesm2022/card.mjs",
      "file": "@angular_material_card.js",
      "fileHash": "022c16f0",
      "needsInterop": false
    },
    "@angular/material/form-field": {
      "src": "../../../../../../node_modules/@angular/material/fesm2022/form-field.mjs",
      "file": "@angular_material_form-field.js",
      "fileHash": "581f5b25",
      "needsInterop": false
    },
    "@angular/material/icon": {
      "src": "../../../../../../node_modules/@angular/material/fesm2022/icon.mjs",
      "file": "@angular_material_icon.js",
      "fileHash": "c1b95bcf",
      "needsInterop": false
    },
    "@angular/material/input": {
      "src": "../../../../../../node_modules/@angular/material/fesm2022/input.mjs",
      "file": "@angular_material_input.js",
      "fileHash": "8bfadec3",
      "needsInterop": false
    },
    "@angular/material/radio": {
      "src": "../../../../../../node_modules/@angular/material/fesm2022/radio.mjs",
      "file": "@angular_material_radio.js",
      "fileHash": "d6cf261b",
      "needsInterop": false
    },
    "@angular/material/select": {
      "src": "../../../../../../node_modules/@angular/material/fesm2022/select.mjs",
      "file": "@angular_material_select.js",
      "fileHash": "20ccf43e",
      "needsInterop": false
    },
    "@angular/material/toolbar": {
      "src": "../../../../../../node_modules/@angular/material/fesm2022/toolbar.mjs",
      "file": "@angular_material_toolbar.js",
      "fileHash": "6f12dff3",
      "needsInterop": false
    },
    "@angular/platform-browser": {
      "src": "../../../../../../node_modules/@angular/platform-browser/fesm2022/platform-browser.mjs",
      "file": "@angular_platform-browser.js",
      "fileHash": "f15f4c3a",
      "needsInterop": false
    },
    "@angular/platform-server": {
      "src": "../../../../../../node_modules/@angular/platform-server/fesm2022/platform-server.mjs",
      "file": "@angular_platform-server.js",
      "fileHash": "2f790f90",
      "needsInterop": false
    },
    "@angular/router": {
      "src": "../../../../../../node_modules/@angular/router/fesm2022/router.mjs",
      "file": "@angular_router.js",
      "fileHash": "c95b53d1",
      "needsInterop": false
    },
    "@angular/ssr": {
      "src": "../../../../../../node_modules/@angular/ssr/fesm2022/ssr.mjs",
      "file": "@angular_ssr.js",
      "fileHash": "b6333f07",
      "needsInterop": false
    },
    "@angular/ssr/node": {
      "src": "../../../../../../node_modules/@angular/ssr/fesm2022/node.mjs",
      "file": "@angular_ssr_node.js",
      "fileHash": "f5717dbe",
      "needsInterop": false
    },
    "express": {
      "src": "../../../../../../node_modules/express/index.js",
      "file": "express.js",
      "fileHash": "5c50809d",
      "needsInterop": true
    },
    "ol/Map": {
      "src": "../../../../../../node_modules/ol/Map.js",
      "file": "ol_Map.js",
      "fileHash": "f2abecfd",
      "needsInterop": false
    },
    "ol/View": {
      "src": "../../../../../../node_modules/ol/View.js",
      "file": "ol_View.js",
      "fileHash": "12582136",
      "needsInterop": false
    },
    "ol/layer/Tile": {
      "src": "../../../../../../node_modules/ol/layer/Tile.js",
      "file": "ol_layer_Tile.js",
      "fileHash": "dd9e5e8b",
      "needsInterop": false
    },
    "ol/proj": {
      "src": "../../../../../../node_modules/ol/proj.js",
      "file": "ol_proj.js",
      "fileHash": "6d3cf409",
      "needsInterop": false
    },
    "ol/source/OSM": {
      "src": "../../../../../../node_modules/ol/source/OSM.js",
      "file": "ol_source_OSM.js",
      "fileHash": "98768f93",
      "needsInterop": false
    },
    "sweetalert2": {
      "src": "../../../../../../node_modules/sweetalert2/dist/sweetalert2.all.js",
      "file": "sweetalert2.js",
      "fileHash": "10fb89ad",
      "needsInterop": true
    }
  },
  "chunks": {
    "xhr2-TXIMV6CV": {
      "file": "xhr2-TXIMV6CV.js"
    },
    "chunk-LWTIDVYG": {
      "file": "chunk-LWTIDVYG.js"
    },
    "chunk-S5KVH2KE": {
      "file": "chunk-S5KVH2KE.js"
    },
    "chunk-YGQPVNKM": {
      "file": "chunk-YGQPVNKM.js"
    },
    "chunk-2KBPKUUS": {
      "file": "chunk-2KBPKUUS.js"
    },
    "chunk-RZ3DEZ2B": {
      "file": "chunk-RZ3DEZ2B.js"
    },
    "chunk-XJYBF647": {
      "file": "chunk-XJYBF647.js"
    },
    "chunk-ET5KNDRA": {
      "file": "chunk-ET5KNDRA.js"
    },
    "chunk-7Q4ISNCT": {
      "file": "chunk-7Q4ISNCT.js"
    },
    "chunk-MEAIEDW6": {
      "file": "chunk-MEAIEDW6.js"
    },
    "chunk-Y7O7RZED": {
      "file": "chunk-Y7O7RZED.js"
    },
    "chunk-5FGZZ7AL": {
      "file": "chunk-5FGZZ7AL.js"
    },
    "chunk-R6HCDSVZ": {
      "file": "chunk-R6HCDSVZ.js"
    },
    "chunk-RJUK4KXI": {
      "file": "chunk-RJUK4KXI.js"
    },
    "chunk-BTBAZKM4": {
      "file": "chunk-BTBAZKM4.js"
    },
    "chunk-737DCAMS": {
      "file": "chunk-737DCAMS.js"
    },
    "chunk-RUS6RQAD": {
      "file": "chunk-RUS6RQAD.js"
    },
    "chunk-M7LNAKMH": {
      "file": "chunk-M7LNAKMH.js"
    },
    "chunk-X2F3GYBL": {
      "file": "chunk-X2F3GYBL.js"
    },
    "chunk-AXBSHL2C": {
      "file": "chunk-AXBSHL2C.js"
    },
    "chunk-ZVLDJ6BP": {
      "file": "chunk-ZVLDJ6BP.js"
    },
    "chunk-JME5XKN5": {
      "file": "chunk-JME5XKN5.js"
    },
    "chunk-R2OCJO3T": {
      "file": "chunk-R2OCJO3T.js"
    },
    "chunk-34LJ7HWF": {
      "file": "chunk-34LJ7HWF.js"
    },
    "chunk-SCWF7FRM": {
      "file": "chunk-SCWF7FRM.js"
    },
    "chunk-27VQST3M": {
      "file": "chunk-27VQST3M.js"
    },
    "chunk-INIFBXRJ": {
      "file": "chunk-INIFBXRJ.js"
    },
    "chunk-AT4BY72T": {
      "file": "chunk-AT4BY72T.js"
    },
    "chunk-YHCV7DAQ": {
      "file": "chunk-YHCV7DAQ.js"
    }
  }
}